arquivo,estrofe,n,verso,silabas,ok,escansao,duvidas
folhetos/20260928-145538-meta-lanca-tamagotchi-com-inteligencia-artificia.txt,1,1,"Meu neto, guarde este mote",7,True,meu / NE / to / GUAR / DE_ES / te / MO / (te),
folhetos/20260928-145538-meta-lanca-tamagotchi-com-inteligencia-artificia.txt,1,2,Na Meta se fez janela,7,True,na / ME / ta / se / FEZ / ja / NE / (la),
folhetos/20260928-145538-meta-lanca-tamagotchi-com-inteligencia-artificia.txt,1,3,Muse Charm cabe no bolso,7,True,MU / se / CHARM / CA / be / no / BOL / (so),
folhetos/20260928-145538-meta-lanca-tamagotchi-com-inteligencia-artificia.txt,1,4,Figura fala na tela,7,True,fi / GU / ra / FA / la / na / TE / (la),
folhetos/20260928-145538-meta-lanca-tamagotchi-com-inteligencia-artificia.txt,1,5,Mancebo cutuca as cores,7,True,man / CE / bo / cu / TU / ca_as / CO / (res),
folhetos/20260928-145538-meta-lanca-tamagotchi-com-inteligencia-artificia.txt,1,6,Use encanto com cautela,7,True,U / se_en / CAN / to / com / cau / TE / (la),
folhetos/20260928-154345-amador-resolve-desafio-matematico-com-ia.txt,1,1,De além-mar vem a notícia,7,True,de_a / LÉM / mar / VEM / a / no / TÍ / (cia),notícia: 'ia' pode virar hiato
folhetos/20260928-154345-amador-resolve-desafio-matematico-com-ia.txt,1,2,Britânico fez clarão,7,True,bri / TÂ / ni / co / FEZ / cla / RÃO,
folhetos/20260928-154345-amador-resolve-desafio-matematico-com-ia.txt,1,3,Uma máquina vingou,7,True,U / ma / MÁ / qui / na / vin / GOU,
folhetos/20260928-154345-amador-resolve-desafio-matematico-com-ia.txt,1,4,Sete anos nessa questão,7,True,SE / TE_A / nos / NES / sa / ques / TÃO,
folhetos/20260928-154345-amador-resolve-desafio-matematico-com-ia.txt,1,5,Jared leu tal resultado,7,True,JA / red / LEU / TAL / re / sul / TA / (do),
folhetos/20260928-154345-amador-resolve-desafio-matematico-com-ia.txt,1,6,Fez do cálculo um trovão,7,True,FEZ / do / CÁL / cu / lo_um / tro / VÃO,
folhetos/20260928-161737-trump-anuncia-forca-de-ia-nos-eua.txt,1,1,Trump fez anúncio na rede,7,True,TRUMP / FEZ / a / NÚN / cio / na / RE / (de),anúncio: 'io' pode virar hiato
folhetos/20260928-161737-trump-anuncia-forca-de-ia-nos-eua.txt,1,2,Trump foi às redes falar,7,True,TRUMP / FOI / às / RE / des / fa / LAR,elisao opcional em 'foi às' (a anterior e tonica)
folhetos/20260928-161737-trump-anuncia-forca-de-ia-nos-eua.txt,1,3,Velhos ouvem no terreiro,7,True,VE / lhos / OU / vem / no / ter / REI / (ro),
folhetos/20260928-161737-trump-anuncia-forca-de-ia-nos-eua.txt,1,4,Mais potência vai gerar,7,True,MAIS / po / TÊN / cia / VAI / ge / RAR,potência: 'ia' pode virar hiato
folhetos/20260928-161737-trump-anuncia-forca-de-ia-nos-eua.txt,1,5,Um conselheiro virá,7,True,um / con / se / LHEI / ro / vi / RÁ,
folhetos/20260928-161737-trump-anuncia-forca-de-ia-nos-eua.txt,1,6,Pra no setor bem zelar,7,True,pra / no / se / TOR / BEM / ze / LAR,
folhetos/20260928-161737-trump-anuncia-forca-de-ia-nos-eua.txt,2,1,Prédios de dados no campo,7,True,PRÉ / dios / de / DA / dos / no / CAM / (po),prédios: 'io' pode virar hiato
folhetos/20260928-161737-trump-anuncia-forca-de-ia-nos-eua.txt,2,2,Dados dormem no galpão,7,True,DA / dos / DOR / mem / no / gal / PÃO,
folhetos/20260928-161737-trump-anuncia-forca-de-ia-nos-eua.txt,2,3,As máquinas pedem força,7,True,as / MÁ / qui / nas / PE / dem / FOR / (ça),
folhetos/20260928-161737-trump-anuncia-forca-de-ia-nos-eua.txt,2,4,Torres acendem clarão,7,True,TOR / res / a / CEN / dem / cla / RÃO,
folhetos/20260928-161737-trump-anuncia-forca-de-ia-nos-eua.txt,2,5,Cabos cortam o sertão,7,True,CA / bos / COR / tam / o / ser / TÃO,
folhetos/20260928-161737-trump-anuncia-forca-de-ia-nos-eua.txt,2,6,"Se falha, vem apagão",7,True,se / FA / lha / VEM / a / pa / GÃO,
folhetos/20260928-161737-trump-anuncia-forca-de-ia-nos-eua.txt,3,1,Povo protesta na rua,7,True,PO / vo / pro / TES / ta / na / RU / (a),
folhetos/20260928-161737-trump-anuncia-forca-de-ia-nos-eua.txt,3,2,Morador vem protestar,7,True,mo / ra / DOR / VEM / pro / tes / TAR,
folhetos/20260928-161737-trump-anuncia-forca-de-ia-nos-eua.txt,3,3,O bairro clama por paz,7,True,o / BAIR / ro / CLA / ma / por / PAZ,
folhetos/20260928-161737-trump-anuncia-forca-de-ia-nos-eua.txt,3,4,Vizinhos vão já gritar,7,True,vi / ZI / nhos / VÃO / JÁ / gri / TAR,
folhetos/20260928-161737-trump-anuncia-forca-de-ia-nos-eua.txt,3,5,"Pedem ar, sombra e sossego",7,True,PE / dem / AR / SOM / bra_e / sos / SE / (go),
folhetos/20260928-161737-trump-anuncia-forca-de-ia-nos-eua.txt,3,6,Querem luz sem sufocar,7,True,QUE / rem / LUZ / SEM / su / fo / CAR,
folhetos/20260928-161737-trump-anuncia-forca-de-ia-nos-eua.txt,4,1,Céu anuncia o trovão,7,True,CÉU / a / nun / CI / a_o / tro / VÃO,elisao opcional em 'céu a' (a anterior e tonica)
folhetos/20260928-161737-trump-anuncia-forca-de-ia-nos-eua.txt,4,2,Ouça a roça: pé no chão,7,True,OU / ça_a / RO / ça / PÉ / no / CHÃO,
folhetos/20260928-161737-trump-anuncia-forca-de-ia-nos-eua.txt,4,3,Na calma se chega longe,7,True,na / CAL / ma / se / CHE / ga / LON / (ge),
folhetos/20260928-161737-trump-anuncia-forca-de-ia-nos-eua.txt,4,4,"Sem água, não há verão",7,True,SEM / Á / gua / NÃO / HÁ / ve / RÃO,elisao opcional em 'não há' (a anterior e tonica)
folhetos/20260928-161737-trump-anuncia-forca-de-ia-nos-eua.txt,4,5,Vaqueiro conhece a sede,7,True,va / QUEI / ro / co / NHE / ce_a / SE / (de),
folhetos/20260928-161737-trump-anuncia-forca-de-ia-nos-eua.txt,4,6,Tela não colhe feijão,7,True,TE / la / NÃO / CO / lhe / fei / JÃO,
folhetos/20260929-000654-turismo-rural-cresce-10-em-pernambuco.txt,1,1,Vô manda zelar do chão,7,True,VÔ / MAN / da / ze / LAR / do / CHÃO,
folhetos/20260929-000654-turismo-rural-cresce-10-em-pernambuco.txt,1,2,Dez por cento no sertão,7,True,DEZ / por / CEN / to / no / ser / TÃO,
folhetos/20260929-000654-turismo-rural-cresce-10-em-pernambuco.txt,1,3,Turismo rural rendeu,7,True,tu / RIS / mo / ru / RAL / ren / DEU,
folhetos/20260929-000654-turismo-rural-cresce-10-em-pernambuco.txt,1,4,"Num ano, veio o clarão",7,True,num / A / no / VEI / o_o / cla / RÃO,
folhetos/20260929-000654-turismo-rural-cresce-10-em-pernambuco.txt,1,5,"Na serra, floresce a paz",7,True,na / SER / ra / flo / RES / ce_a / PAZ,
folhetos/20260929-000654-turismo-rural-cresce-10-em-pernambuco.txt,1,6,"Quem bem recebe, tem pão",7,True,QUEM / BEM / re / CE / be / TEM / PÃO,
